booklet_id,booklet_type,textbook_chapter_reference,printed_booklet_question,lookup_variants,frequencelevel,criticalitylevel
Q_0001,FAQ,anemia_during_pregnancy.md,"Mera hemoglobin 7 point hai, khoon badhane ke liye kya karna chahiye?","['Mera Khoon 7 point hain khoon badhane ke liye kya karna hai', 'hb 7 hai blood increase kaise karu', 'khoon ki kami hai 7gm hi hai kya khau', '7 point khoon h kaise badhega']",['High Frequency'],['High Critical']
Q_0002,FAQ,anemia_during_pregnancy.md,Pregnancy mein khoon badhane ke liye kya khana zaroori hai?,"['Khoon badhane k liye kya khana zaruri hai', 'pregnancy me blood badhane ke liye diet', 'kya khane se khoon badhta hai', 'blood kam hai kya khana chahiye']",['High Frequency'],['High Critical']
Q_0003,FAQ,pregnancy_nutrition_and_diet.md,Pregnancy mein bacche ka vajan badhane ke liye kya khana chahiye?,"['bache ka wajah badhane k liye kya khilana chaiye', 'baby ka weight gain k liye kya khau', 'garbh me shishu ka vajan kaise badhaye', 'bacche ka vajan badhane wala food']",['High Frequency'],['Medium Critical']
Q_0004,FAQ,pregnancy_nutrition_and_diet.md,Pregnancy mein kya khana chahiye aur kya nahi khana chahiye?,"['Pregnancy me kya khana chahiye', 'pregancny me konsi sabji khau or konsi sabji nahi', 'kya khaye kya na khaye pregnancy me', 'pregnancy diet me kya include kare']",['High Frequency'],['Medium Critical']
Q_0005,FAQ,immunization_schedule_and_basics.md,Pregnancy mein aur bacche ke liye teekakaran kyu zaroori hai?,"['Tikkaran kyu jaruri hai', 'vaccine lagwana kyu important hai', 'teeka kyu lagate hain', 'agar tika na lagwaye to kya hoga']",['High Frequency'],['High Critical']
Q_0006,FAQ,immunization_schedule_and_basics.md,Bacche ko teeke kab-kab lagte hain?,"['Bche ko tika kab kab lgta hai', 'baby ka vaccination chart kya hai', 'bache ke tike ka schedule', 'konsa tika kis month me lagega']",['High Frequency'],['High Critical']
Q_0007,FAQ,anemia_during_pregnancy.md,Calcium ki dawai kab leni chahiye aur kya ise iron ki dawai ke saath le sakti hoon?,"['calcium ki dawai kab leni chahiye or kya isse iron wali dawai k sath le sakti hu?', 'iron aur calcium tablet ek sath kha sakte hai?', 'calcium iron goli kab khaye', 'dono dawai me kitna gap hona chahiye']",['High Frequency'],['High Critical']
Q_0008,FAQ,pregnancy_care_and_checkups.md,Pregnancy mein kamar mein dard ho to kya karoon?,"['kamar me dard hai kya karu', 'pregnancy me back pain ka solution', 'peeth me dard ho raha hai kya kare', 'backache in pregnancy']",['High Frequency'],['Low Critical']
Q_0009,FAQ,pregnancy_care_and_checkups.md,Pregnancy mein pet ke nichle hisse mein dard kyun hota hai?,"['pregnancy me pet k nichle hisse me dard kyun hota hai', 'lower abdomen pain kyu hota h', 'pet ke niche dard ka kya matlab hai', 'pedu me dard ho raha hai']",['High Frequency'],['Medium Critical']
Q_0010,FAQ,pregnancy_care_and_checkups.md,Acidity ho gayi hai to kya karna chahiye?,"['acidity ho gayi h toh kya karna chahiye', 'pet me jalan ho rahi hai', 'gas khatm karne ke liye kya kru', 'sine me jalan ka upay']",['High Frequency'],['Low Critical']
Q_0011,FAQ,child_growth_and_malnutrition.md,Alag-alag mahino mein bacche ka vajan kitna hona chahiye?,"['bache ka wajan kitna hona chahiye', 'baby ka weight month by month kitna hona chahiye', '5 months pregnancy may baby ka weight kitna Rehta Hai', '7th month me kitna weight rehna chahiye baby ka']",['High Frequency'],['Medium Critical']
Q_0012,FAQ,childbirth_and_newborn_care.md,Normal delivery ke liye kya karein?,"['normal delivery k liye kya kare', 'kya khaye narmal dilwari ho aasani se', 'normal delivery ke tips', 'bacchedani ka muh khulne ke liye kya karna padta hai']",['High Frequency'],['Medium Critical']
Q_0013,FAQ,pregnancy_nutrition_and_diet.md,Pregnancy mein kaun sa fal khaoon aur kaun sa nahi?,"['pregancny me konsa fall khau or konsi nahi', 'pregnancy me kon se fruit khane chahiye', 'papita kha sakti hu kya', 'which fruits to avoid in pregnancy']",['High Frequency'],['Medium Critical']
Q_0014,FAQ,breastfeeding_guidance.md,"Maa ko accha doodh aaye, iske liye kya karna hoga?","['maa ko accha dudh ke liye karna hoga', 'breast milk badhane ke liye kya khaye', 'doodh nahi aa raha hai kya karu', 'how to increase breastmilk supply']",['High Frequency'],['High Critical']
Q_0015,FAQ,pregnancy_care_and_checkups.md,"Pair mein bahut soojan hai, kya karoon?","['pair me bohot soojan hai', 'Mera 6 manth Chal Raha hai paro me sweling aaye to kya karna chahiye', 'haath pair me sujan kyu aati hai', 'swelling in feet during pregnancy']",['High Frequency'],['Medium Critical']
Q_0016,FAQ,pregnancy_care_and_checkups.md,"Chakkar aa raha hai, kya karoon?","['chakkar aa raha hai kya karu', 'dizziness feel ho raha hai', 'sar ghum raha hai kya kare', 'kamzori lag rahi hai chakkar aa raha hai']",['High Frequency'],['Medium Critical']
Q_0017,FAQ,childbirth_and_newborn_care.md,Caesarean delivery ke baad kya kha sakte hain aur kya nahi?,"['Caeser delivery k baad kya kha sakte hai or kya nahi kha sakte hai', 'c section ke baad diet', 'operation se delivery ke baad kya khana chahiye', 'cesarean ke baad parhez']",['High Frequency'],['Medium Critical']
Q_0018,FAQ,pregnancy_care_and_checkups.md,"Mujhe abhi teesra mahina chalu hai, to mujhe kya-kya check-up karana zaroori hai?","['Mujhe abhi 3 ra month chalu hai to mujhe kya kya check up karna jaruri hai', '3rd month me konse test hote hai', 'teesre mahine ki janch', 'first trimester me kya checkup karaye']",['High Frequency'],['Medium Critical']
Q_0019,FAQ,pregnancy_care_and_checkups.md,Baccha kis mahine mein movement karna shuru karta hai?,"['bacha kis month me movement karta hai', 'baby ki movement kab feel hoti hai', 'pet me baccha kab ghumta hai', 'fetal movement kab start hoti hai']",['High Frequency'],['Low Critical']
Q_0020,FAQ,anemia_during_pregnancy.md,Pregnancy mein khoon ka check-up karana kyun zaroori hai?,"['Pregnancy mai khun ka check up Krna q zaruri hai', 'blood test kyu important hai', 'hb test kyu karte hai', 'khoon ki janch kyu karwani chahiye']",['High Frequency'],['High Critical']
Q_0021,FAQ,pregnancy_care_and_checkups.md,"Mera BP 180 badh gaya hai, admit ke liye bola hai, mujhe kya karna chahiye?","['Mera bp 180 bad gaya hai admit ke liye bola hai', 'high bp hai pregnancy me kya karu', 'bp badh gaya hai', 'blood pressure 180 hai, kya ye khatarnak hai?']",['Medium Frequency'],['High Critical']
Q_0022,FAQ,childbirth_and_newborn_care.md,"Mera babu kamzor hai, use kaanch mein rakha hai, kya karoon?","['Mera babu kamzor h use kanch m rakha h', 'baby nicu me hai', 'baccha kamzor paida hua hai', 'bacha incubator me hai kya kare']",['Low Frequency'],['High Critical']
Q_0023,FAQ,pregnancy_care_and_checkups.md,"Doctor ne bataya hai ki bacche ka vajan kam hai aur paani ki kami hai, kya karoon?","['Doctor se chaup karyi hu wajan kam hai aur pani ki kami bata raha gai', 'baby ka weight kam hai aur amniotic fluid bhi kam hai', 'paani ki kami hai pregnancy me', 'pet me pani kam ho gaya hai kya kare']",['Medium Frequency'],['High Critical']
Q_0024,FAQ,childbirth_and_newborn_care.md,"Mujhe delivery ka dard nahi aa raha hai, dard aaye iske liye kya karna chahiye?","['Mujhe dard nahi aaa raha hai Dard aaye is ke liye kya karna chahiye', 'labour pain start nahi ho raha', 'delivery date nikal gayi par dard nahi', 'dard aane ke liye kya kare']",['Medium Frequency'],['High Critical']
Q_0025,FAQ,immunization_rules_and_exceptions.md,"Chautha mahina hai aur mujhe fever hai, to kya TT ka injection le sakti hoon?","['Chauthe mahine hai mujhe mere fever hai to tt injection liye sakte kya', 'bukhar me tt ka tika lagwa sakte hai?', 'fever hone par pregnancy me injection le sakte hai', 'bimar hu to tika lagega ya nahi']",['Low Frequency'],['High Critical']
Q_0026,FAQ,breastfeeding_special_conditions.md,Agar bacche ke liye doodh kam ho jaye to kya karein?,"['Agar bacche ko dudh kam hojaye to kiya kare', 'mera doodh bacche ke liye pura nahi hota', 'low milk supply hai kya karu', 'baby ka pet nahi bharta']",['High Frequency'],['High Critical']
Q_0027,FAQ,pregnancy_care_and_checkups.md,Pregnancy mein safed paani (white discharge) kyun aata hai?,"['pregnancy me white discharge q aata hai', 'safed pani aana normal hai kya', 'white discharge problem in pregnancy', 'safed paani kyu girta hai']",['High Frequency'],['Low Critical']
Q_0028,FAQ,childbirth_and_newborn_care.md,Hospital delivery ke liye kya-kya taiyari karni chahiye?,"['hospital delivery ki kya tayyari hai', 'delivery ke liye hospital bag me kya rakhe', 'what to pack for delivery', 'hospital jane se pehle kya taiyari kare']",['Medium Frequency'],['Medium Critical']
Q_0029,FAQ,immunization_schedule_and_basics.md,Pehli pregnancy hai to mujhe TT ka injection kitni baar lagega?,"['Meri first pregnancy Hai to Mujhe didi ka injection kitne bar lagega', 'tt ke kitne injection lagte hai', 'pregnancy me tt ke dose kab kab lagte hai', 'first time pregnant hu, tt tika kitna lagega']",['Medium Frequency'],['High Critical']
Q_0030,FAQ,anemia_during_pregnancy.md,Pregnancy mein khoon kitna point hona chahiye?,"['Preganancy me khoon kitna point hona chahiye', 'normal hemoglobin level kya hai pregnancy me', 'hb kitna hona chahiye', 'khoon kitna hona jaruri hai']",['High Frequency'],['Medium Critical']
Q_0031,FAQ,pregnancy_care_and_checkups.md,Abhi mujhe 1 mahina hua hai to mujhe khoon ki jaanch kab karani padegi?,"['Abhi mujhe 1 month hua hai to mujhe khoon janch kab karni padegi', '1st month me blood test kab hota hai', 'pregnancy confirm hui hai, test kab karau', 'pehla blood test kab karwana chahiye']",['Medium Frequency'],['Medium Critical']
Q_0032,FAQ,government_cash_benefit_schemes.md,Pregnancy mein mujhe kaun si sarkari yojana ka laabh milega?,"['pregnancy me mujhe konsi yojana ka labh milega', 'pregnant mahila ke liye sarkari scheme', 'government se kya help milti hai', 'sarkari paisa kaise milega']",['Medium Frequency'],['Low Critical']
Q_0033,FAQ,pregnancy_nutrition_and_diet.md,8 mahine ki pregnancy ke liye diet chart dijiye.,"['8 months pregnancy diet chart do', 'aathve mahine me kya khana chahiye', 'diet for 8th month pregnancy', '8 mahine ka diet plan']",['Medium Frequency'],['Medium Critical']
Q_0034,FAQ,immunization_schedule_and_basics.md,8 mahine ke bacche ko kaun sa injection lagega?,"['8 month ke baby ko injection lagega', '8 mahine me konsa tika lagta hai', 'baby 8 months ka hai, vaccine konsa hai', 'aathve mahine ka teeka']",['Medium Frequency'],['High Critical']
Q_0035,FAQ,complementary_feeding_6_to_24_months.md,Bacche ko Dast lagne par kya khilana chahiye?,"['Dast padhne per kya khayen', 'loose motion me baby ko kya de', 'dast me kya khilaye', 'baby ko dast ho rahe hai']",['Medium Frequency'],['Medium Critical']
Q_0036,FAQ,pregnancy_care_and_checkups.md,Gala kyun jalta hai pregnancy mein?,"['Gla kahe liye jalta hai', 'gale me jalan ho rahi hai', 'heartburn kyu hota hai', 'acidity se gale me jalan']",['Medium Frequency'],['Low Critical']
Q_0037,FAQ,general_child_care_and_development.md,"Meri bacchi raat ko soti nahi hai, kya karoon?","['Meri rat ko soti nhi hai.....', 'baby raat bhar jagta hai', 'baccha sota nahi hai', 'how to make baby sleep at night']",['Medium Frequency'],['Low Critical']
Q_0038,FAQ,pregnancy_care_and_checkups.md,"Mere haath ki ungliyon mein sujan aa rahi hai, 9th month hai, kya karoon?","['Mai 9 month ki paregnet hu mare hath ki ungli me sujan ari h to ky karu', 'haatho me sujan hai 9 mahine me', 'swelling in fingers during pregnancy', 'ungliyo me sujan ka kya karan hai']",['Medium Frequency'],['Medium Critical']
Q_0039,FAQ,pregnancy_nutrition_and_diet.md,Kya pregnancy mein thanda paani pi sakte hain?,"['Main Garmi Mein Thanda Pani Pi sakte hain', 'thanda pani peena safe hai kya', 'can i drink cold water during pregnancy', 'fridge ka pani pi sakti hu']",['Medium Frequency'],['Low Critical']
Q_0040,FAQ,anemia_during_pregnancy.md,Iron ki goli lene ka sahi samay kya hai?,"['iron ki tablet kab leni chahiye', 'ifa goli khane ka time', 'iron ki dawai subah le ya raat me', 'best time to take iron supplements']",['High Frequency'],['Medium Critical']
Q_0041,FAQ,pregnancy_care_and_checkups.md,Pregnancy mein sonography (ultrasound) kab aur kitni baar karani chahiye?,"['sonography kab karwani chahiye', 'ultrasound kitni baar hota hai', 'pregnancy me kitne ultrasound hote hai', 'pehla sonography kab karaye']",['High Frequency'],['Medium Critical']
Q_0042,FAQ,childbirth_and_newborn_care.md,C-section ke baad taankon ki dekhbhal kaise karein?,"['c section ke taanke ki care kaise kare', 'operation ke baad stitches ka dhyan kaise rakhe', 'taanke kab tak theek hote hai', 'cesarean stitches care']",['Medium Frequency'],['Medium Critical']
Q_0043,FAQ,complementary_feeding_6_to_24_months.md,Bacche ko solid food (thos aahar) kab se shuru karna chahiye?,"['when to start solid food for baby', 'bacche ko khana khilana kab shuru kare', '6 mahine ke bacche ko kya khilaye', 'pehli baar kya khilana chahiye']",['High Frequency'],['Medium Critical']
Q_0044,FAQ,vaccine_side_effects_and_reactions.md,Teeka lagne ke baad bukhar aa jaye to kya karein?,"['vaccine ke baad fever aaye to kya kare', 'injection ke baad bukhar ka ilaj', 'baby ko teeke ke baad bukhar hai', 'fever after vaccination']",['High Frequency'],['Medium Critical']
Q_0045,FAQ,vaccine_side_effects_and_reactions.md,Teeke wali jagah par soojan ya gaanth ban jaye to kya karein?,"['injection site par swelling hai', 'teeke ke baad gaanth ban gayi hai', 'sujan aur dard hai injection ke baad', 'lump after vaccine']",['Medium Frequency'],['Low Critical']
Q_0046,FAQ,child_growth_and_malnutrition.md,"Mera baccha vajan nahi badha raha hai, kya karoon?","['baby not gaining weight', 'bacche ka vajan nahi badh raha', 'mera baby bahut patla hai', 'vajan badhane ke liye kya karu']",['High Frequency'],['High Critical']
Q_0047,FAQ,pregnancy_care_and_checkups.md,Pregnancy ke dauran yatra (travel) karna surakshit hai?,"['can i travel during pregnancy', 'pregnancy me safar kar sakte hai', 'Pregnant Mahila ke liye bike per baithana safe hai', 'travel karna safe hai ya nahi']",['Medium Frequency'],['Medium Critical']
Q_0048,FAQ,childbirth_and_newborn_care.md,Naye janme bacche (newborn) ki dekhbhal kaise karein?,"['newborn baby ki care kaise kare', 'naye bacche ki dekhbhal', 'first month baby care', 'abhi abhi baby hua hai, kaise dhyan rakhe']",['High Frequency'],['High Critical']
Q_0049,FAQ,childbirth_and_newborn_care.md,Bacche ki naabhi (umbilical cord) ki dekhbhal kaise karein?,"['umbilical cord care', 'bacche ki naal ki care kaise kare', 'nabhi kab tak girti hai', 'cord stump care']",['Medium Frequency'],['Medium Critical']
Q_0050,FAQ,breastfeeding_special_conditions.md,Stanpan (breastfeeding) ke dauran nipple mein dard ho to kya karein?,"['sore nipples ka kya ilaj hai', 'breastfeeding me pain ho raha hai', 'nipple me crack aa gaye hai', 'doodh pilate waqt dard hota hai']",['Medium Frequency'],['Medium Critical']
Q_0051,FAQ,pregnancy_care_and_checkups.md,Pregnancy mein bacche ki movement kam mehsoos ho to kya karna chahiye?,"['baby movement kam ho gayi hai', 'baccha kam ghum raha hai pet me', 'fetal movement is less what to do', 'movement feel nahi ho rahi']",['Medium Frequency'],['High Critical']
Q_0052,FAQ,anemia_during_pregnancy.md,Anemia (khoon ki kami) hone par kya khatra ho sakta hai?,"['anemia se kya problem hoti hai', 'khoon ki kami ke nuksan', 'low hemoglobin is dangerous?', 'agar khoon kam ho to kya hoga']",['Medium Frequency'],['High Critical']
Q_0053,FAQ,pregnancy_nutrition_and_diet.md,Pregnancy mein kitna vajan badhna normal hai?,"['weight gain in pregnancy kitna hona chahiye', 'pregnancy me kitna kilo vajan badhna chahiye', 'normal weight gain during pregnancy', 'mera vajan kitna badhna chahiye']",['Medium Frequency'],['Low Critical']
Q_0054,FAQ,immunization_rules_and_exceptions.md,Agar bacche ka koi teeka chhoot jaye to kya karein?,"['missed vaccine dose for baby what to do', 'bacche ka tika miss ho gaya', 'vaccine lagwana bhul gaye', 'delayed vaccination ka kya rule hai']",['Medium Frequency'],['High Critical']
Q_0055,FAQ,general_child_care_and_development.md,Naye janme bacche ko kaise nehalana chahiye?,"['how to bathe a newborn baby', 'bacche ko kaise nahlaye', 'newborn ko kab se nehlana chahiye', 'baby bath kaise de']",['Medium Frequency'],['Low Critical']
Q_0056,FAQ,breastfeeding_guidance.md,Bacche ko doodh pilane ka sahi tarika kya hai?,"['how to breastfeed properly', 'doodh pilane ki sahi position', 'sahi se latch kaise karaye', 'breastfeeding ka tarika']",['Medium Frequency'],['Medium Critical']
Q_0057,FAQ,childbirth_and_newborn_care.md,Delivery ke baad pehla gaadha doodh (colostrum) pilana kyun zaroori hai?,"['colostrum kyu important hai', 'pehla doodh pilana kyu jaruri hai', 'delivery ke baad pehla doodh', 'what is colostrum']",['Medium Frequency'],['High Critical']
Q_0058,FAQ,complementary_feeding_6_to_24_months.md,6 mahine se 1 saal ke bacche ko din mein kitni baar khana khilana chahiye?,"['6 month baby ko kitni baar khilaye', '1 saal ke bacche ka diet chart', 'how many times to feed baby solids', 'khana kitni baar dena hai']",['Medium Frequency'],['Medium Critical']
Q_0059,FAQ,government_free_service_schemes.md,Sarkari hospital mein delivery aur check-up ke liye kya-kya suvidhayein free hain?,"['sarkari hospital me kya free hai', 'government hospital me free services', 'free delivery hoti hai kya', 'jssk scheme kya hai']",['Medium Frequency'],['Low Critical']
Q_0060,FAQ,pregnancy_care_and_checkups.md,Pregnancy mein kaun se khatre ke lakshan (danger signs) hain jinhe nazarandaaz nahi karna chahiye?,"['danger signs in pregnancy', 'pregnancy me kab doctor ke paas jana chahiye', 'khatre ke lakshan kya hai', 'warning signs during pregnancy']",['Medium Frequency'],['High Critical']
Q_0061,FAQ,anemia_during_pregnancy.md,Iron ki goli ke saath kya khana chahiye jisse woh acche se kaam kare?,"['iron tablet ke sath kya khaye', 'ifa goli ka absorption kaise badhaye', 'what to eat with iron supplements', 'nimbu pani ke sath iron goli le sakte hai?']",['Medium Frequency'],['Medium Critical']
Q_0062,FAQ,pregnancy_nutrition_and_diet.md,Kya pregnancy mein chai ya coffee peena theek hai?,"['can i drink tea during pregnancy', 'pregnancy me chai pee sakte hai kya', 'coffee peena safe hai?', 'chai kitni baar pi sakti hu']",['Medium Frequency'],['Low Critical']
Q_0063,FAQ,childbirth_and_newborn_care.md,Delivery ke baad pet kam karne ke liye kya karna chahiye?,"['delivery ke baad pet kaise kam kare', 'pet ki charbi kaise ghataye after delivery', 'how to reduce tummy after c-section', 'pet kam karne ke upay']",['Medium Frequency'],['Low Critical']
Q_0064,FAQ,breastfeeding_special_conditions.md,"Agar maa bimar ho (bukhar, sardi) to kya bacche ko doodh pila sakti hai?","['fever me breastfeeding kara sakte hai', 'bimar hu to doodh pilana chahiye ya nahi', 'sardi khasi me doodh pilana', 'feeding with cold']",['Medium Frequency'],['Medium Critical']
Q_0065,FAQ,complementary_feeding_6_to_24_months.md,Bacche ke khane mein namak ya cheeni milani chahiye ya nahi?,"['baby ke food me salt dalna chahiye?', 'namak aur chini kab se de sakte hai', 'can i add sugar to baby food', '1 saal se pehle namak dena hai ya nahi']",['Medium Frequency'],['Medium Critical']
Q_0066,FAQ,child_growth_and_malnutrition.md,Kam vajan ke saath paida hue bacche (Low Birth Weight) ki dekhbhal kaise karein?,"['low birth weight baby care', 'kam vajan wale bacche ka dhyan kaise rakhe', 'lbw baby ki care', 'mera baby do kilo 300 gram tha']",['Medium Frequency'],['High Critical']
Q_0067,FAQ,general_child_care_and_development.md,Bacche ke liye Kangaroo Mother Care (KMC) kya hai aur iske kya fayde hain?,"['kmc kya hota hai', 'kangaroo mother care kaise de', 'kmc ke fayde', 'what is KMC']",['Low Frequency'],['High Critical']
Q_0068,FAQ,pregnancy_care_and_checkups.md,Pregnancy mein kab se doctor ko dikhana shuru kar dena chahiye?,"['when to register pregnancy', 'pregnancy ka registration kab karaye', 'doctor ko kab dikhaye pehli baar', 'pehla checkup kab karwana chahiye']",['Medium Frequency'],['Medium Critical']
Q_0069,FAQ,childbirth_and_newborn_care.md,Normal delivery aur C-section mein kya behtar hai?,"['normal delivery vs c-section', 'konsi delivery acchi hai', 'normal ya operation kya better hai', 'c section ke fayde nuksan']",['Low Frequency'],['Low Critical']
Q_0070,FAQ,breastfeeding_guidance.md,Kaise pata chalega ki bacche ko aavashyak matra mein doodh mil raha hai?,"['is my milk enough for baby', 'kaise pata kare baby ka pet bhar gaya', 'signs of adequate milk transfer', 'mera doodh kam to nahi pad raha']",['High Frequency'],['High Critical']
Q_0071,FAQ,pregnancy_nutrition_and_diet.md,Kya pregnancy mein papita ya ananas (pineapple) kha sakte hain?,"['papita kha sakte hai kya pregnancy me', 'can i eat pineapple during pregnancy', 'konsa fruit avoid karna chahiye', 'papaya khana safe hai ya nahi']",['High Frequency'],['Medium Critical']
Q_0072,FAQ,pregnancy_care_and_checkups.md,Pregnancy mein pet par khujli ho to kya karein?,"['pet par khujli ho rahi hai', 'itching on stomach during pregnancy', 'khujli ka kya ilaj hai', 'stretch marks me khujli']",['Medium Frequency'],['Low Critical']
Q_0073,FAQ,childbirth_and_newborn_care.md,Delivery ke baad bleeding (khoon aana) kitne din tak hota hai?,"['postpartum bleeding kitne din chalti hai', 'delivery ke baad bleeding kab tak hoti hai', 'bleeding after delivery', 'delivery ke baad khoon aana']",['Medium Frequency'],['Medium Critical']
Q_0074,FAQ,complementary_feeding_6_to_24_months.md,Bacche ko paani pilana kab se shuru karna chahiye?,"['when to give water to baby', 'bacche ko pani kab se pilaye', '6 mahine se pehle pani de sakte hai?', 'how much water should baby drink']",['Medium Frequency'],['Medium Critical']
Q_0075,FAQ,general_child_care_and_development.md,Bacche ke daant nikalte samay kya takleef hoti hai aur kya karna chahiye?,"['baby teething problems', 'daant nikalte waqt dast', 'teething ke symptoms kya hai', 'daant aane par kya kare']",['Medium Frequency'],['Low Critical']
Q_0076,FAQ,immunization_schedule_and_basics.md,Vitamin A ka dose bacche ko kab aur kyun diya jaata hai?,"['vitamin a ka dose kab milta hai', 'vitamin a kyu jaruri hai', 'vitamin a schedule for baby', 'vit a ki khurak']",['Low Frequency'],['Medium Critical']
Q_0077,FAQ,pregnancy_care_and_checkups.md,"Pregnancy mein neend nahi aati, kya karoon?","['neend nahi aati pregnancy me', 'insomnia during pregnancy', 'acchi neend ke liye kya kare', 'raat me neend kyu nahi aati']",['Medium Frequency'],['Low Critical']
Q_0078,FAQ,childbirth_and_newborn_care.md,Naye janme bacche ko peeliya (jaundice) ho to kya karein?,"['newborn jaundice ka ilaj', 'bacche ko piliya ho gaya hai', 'jaundice me kya kare', 'piliya kitne din me theek hota hai']",['Medium Frequency'],['High Critical']
Q_0079,FAQ,breastfeeding_special_conditions.md,Kya formula milk maa ke doodh jitna accha hota hai?,"['formula milk vs breast milk', 'Kon sa formula milk best hota h bachhe k liye', 'kya formula milk de sakte hai', 'formula doodh ke fayde nuksan']",['Medium Frequency'],['Medium Critical']
Q_0080,FAQ,government_cash_benefit_schemes.md,Pradhan Mantri Matru Vandana Yojana (PMMVY) ke tehat paise kaise milte hain?,"['pmmvy ke paise kaise milenge', 'pradhan mantri matru vandana yojana ke liye apply kaise kare', 'sarkari yojana 5000 wali', 'pmmvy installments kab aati hai']",['Medium Frequency'],['Low Critical']
Q_0081,FAQ,anemia_during_pregnancy.md,Pet ke keede maarne ki dawai (Albendazole) pregnancy mein kab leni chahiye?,"['albendazole kab khani chahiye', 'pet ke kide ki dawa pregnancy me', 'deworming tablet in pregnancy', 'kide ki goli kab le']",['Medium Frequency'],['Medium Critical']
Q_0082,FAQ,pregnancy_nutrition_and_diet.md,"Pregnancy mein non-veg (maans, machli, anda) kha sakte hain?","['can i eat non veg during pregnancy', 'pregnancy me chicken kha sakte hai', 'fish khana safe hai kya', 'anda khana chahiye ya nahi']",['Medium Frequency'],['Low Critical']
Q_0083,FAQ,childbirth_and_newborn_care.md,Delivery ke kitne din baad aam taur par kaamkaaj shuru kar sakte hain?,"['delivery ke baad rest kitne din kare', 'c-section ke baad kab kaam kar sakte hai', 'when to resume work after delivery', 'kitne din aaram karna chahiye']",['Low Frequency'],['Low Critical']
Q_0084,FAQ,complementary_feeding_6_to_24_months.md,"Bacche ko khichdi, daliya jaisi cheezein kab se khilana shuru kar sakte hain?","['baby ko khichdi kab se de', 'daliya kab se start kare', '6 mahine ke bacche ke liye food recipes', 'what to feed 6 month old baby']",['High Frequency'],['Medium Critical']
Q_0085,FAQ,general_child_care_and_development.md,"Bacche ke liye diaper ya langot, kya behtar hai?","['diaper vs cloth nappy', 'diaper pehnana aacha hai ya nahi', 'langot ya diaper kya use kare', 'diaper se rashes to nahi honge']",['Medium Frequency'],['Low Critical']
Q_0086,FAQ,immunization_rules_and_exceptions.md,Kya bimar bacche ko teeka lagwaya ja sakta hai?,"['can sick child be vaccinated', 'baccha bimar hai to vaccine lagega?', 'sardi khasi me tika lagwa sakte hai', 'fever and vaccine']",['Medium Frequency'],['High Critical']
Q_0087,FAQ,pregnancy_care_and_checkups.md,Pregnancy mein pairon mein dard ya aithan (cramps) ho to kya karein?,"['leg cramps during pregnancy', 'pairon me dard rehta hai', 'Mere pao me bhot dardr rhta hai', 'raat me pairo me aithan hoti hai']",['High Frequency'],['Low Critical']
Q_0088,FAQ,childbirth_and_newborn_care.md,Delivery ke baad pehla period (maahwari) kab aata hai?,"['first period after delivery', 'delivery ke baad period kab aata hai', 'c-section ke baad period', 'maahwari kab shuru hogi']",['Medium Frequency'],['Low Critical']
Q_0089,FAQ,breastfeeding_guidance.md,Upar ka doodh (formula) kaise banayein aur kitna pilayein?,"['how to prepare formula milk', 'formula milk banane ka tarika', 'kitna formula milk dena chahiye', 'upar ka doodh kaise banate hai']",['Medium Frequency'],['Medium Critical']
Q_0090,FAQ,general_child_care_and_development.md,Bacche kab bolna shuru karte hain?,"['Chhota baby baten kab shuru karte Hain', 'when do babies start talking', 'baccha bolna kab seekhta hai', 'baby talking milestones']",['Low Frequency'],['Low Critical']
Q_0091,FAQ,pregnancy_care_and_checkups.md,Pregnancy mein kabj (constipation) ki samasya ho to kya karein?,"['constipation during pregnancy', 'kabj ka ilaj pregnancy me', 'pet saaf nahi ho raha', 'kabj ke liye kya khaye']",['High Frequency'],['Low Critical']
Q_0092,FAQ,childbirth_and_newborn_care.md,Delivery ke baad yoni (vagina) mein dard ya taankon ki dekhbhal kaise karein?,"['vaginal stitches care after normal delivery', 'normal delivery ke baad taanke ki care', 'yoni me dard ho raha hai', 'taanke kab ghulte hai']",['Medium Frequency'],['Medium Critical']
Q_0093,FAQ,complementary_feeding_6_to_24_months.md,Kya bacche ko gaay ya bhains ka doodh de sakte hain?,"[""can i give cow's milk to baby"", 'gay ka doodh kab se de sakte hai', '1 saal se pehle cow milk dena chahiye?', 'bhains ka doodh de ya nahi']",['Medium Frequency'],['Medium Critical']
Q_0094,FAQ,vaccine_side_effects_and_reactions.md,"BCG teeke ke baad jo nishaan ya foda banta hai, uska kya karein?","['bcg scar me pus aa gaya hai', 'bcg ka nishan nahi bana', 'what to do with bcg lump', 'bcg ka foda kab theek hota hai']",['Low Frequency'],['Low Critical']
Q_0095,FAQ,pregnancy_care_and_checkups.md,Pregnancy mein baar-baar peshab (urine) aana normal hai kya?,"['baar baar urine aana pregnancy me', 'frequent urination during pregnancy', 'bahut peshab lag raha hai', 'is it normal to pee a lot']",['High Frequency'],['Low Critical']
Q_0096,FAQ,childbirth_and_newborn_care.md,Delivery ke baad baal jhadne (hair fall) ki samasya ho to kya karein?,"['hair fall after delivery', 'delivery ke baad baal bahut jhad rahe hai', 'postpartum hair loss solution', 'baal jhadne se kaise roke']",['Medium Frequency'],['Low Critical']
Q_0097,FAQ,breastfeeding_special_conditions.md,Stan (breast) mein doodh bhar jaane se gaanth ya dard ho to kya karein?,"['breast engorgement ka ilaj', 'doodh bhar gaya hai, dard ho raha hai', 'breast me gaanth ban gayi hai', 'breast full and hard']",['Medium Frequency'],['Medium Critical']
Q_0098,FAQ,general_child_care_and_development.md,Bacche ke pet mein gas banne par kya gharelu upchar kar sakte hain?,"['baby ko gas ho to kya kare', 'gas problem in infants home remedies', 'bacche ke pet me marod', 'gas ke liye kya kare']",['High Frequency'],['Low Critical']
Q_0099,FAQ,pregnancy_care_and_checkups.md,Pregnancy mein ulti ya jee machlane (morning sickness) par kya karein?,"['morning sickness ka upay', 'ulti ho rahi hai pregnancy me', 'jee machla raha hai kya karu', 'vomiting in pregnancy solution']",['High Frequency'],['Low Critical']
Q_0100,FAQ,child_growth_and_malnutrition.md,Janm ke samay bacche ka normal vajan kitna hona chahiye?,"['normal birth weight of baby', 'janm ke waqt baby ka weight kitna hona chahiye', 'healthy baby weight at birth', 'newborn ka vajan kitna ho']",['High Frequency'],['Medium Critical']
Q_0101,FAQ,anemia_during_pregnancy.md,Kya iron ki goli se potty ka rang kaala ho sakta hai?,"['iron tablet se black potty hoti hai kya', 'stool ka color change after iron pills', 'kali potty aa rahi hai', 'is black stool normal with iron supplements']",['Medium Frequency'],['Low Critical']
Q_0102,FAQ,pregnancy_nutrition_and_diet.md,Pregnancy mein iodine-yukt namak khana kyun zaroori hai?,"['iodine kyu jaruri hai pregnancy me', 'iodized salt benefits in pregnancy', 'iodine ki kami se kya hota hai', 'konsa namak khana chahiye']",['Low Frequency'],['Medium Critical']
Q_0103,FAQ,childbirth_and_newborn_care.md,Delivery ke baad depression ya udaasi mehsoos ho to kya karein?,"['postpartum depression symptoms', 'delivery ke baad rona aata hai', 'udaas rehti hu delivery ke baad', 'baby blues kya hota hai']",['Low Frequency'],['Medium Critical']
Q_0104,FAQ,complementary_feeding_6_to_24_months.md,Baccha khana nahi khata ya khane mein nakre karta hai to kya karein?,"['my baby is a picky eater', 'baccha khana nahi khata', 'fussy eater baby solution', 'khana khilane me pareshan karta hai']",['High Frequency'],['Medium Critical']
Q_0105,FAQ,general_child_care_and_development.md,Bacche ko sardi-jukham ho jaye to kya gharelu upchar hain?,"['baby ko sardi ho gayi hai', 'cold and cough home remedies for infants', 'jukham ka ilaj chote bacche ke liye', 'sardi me kya kare']",['High Frequency'],['Low Critical']
Q_0106,FAQ,immunization_schedule_and_basics.md,Private aur sarkari hospital ke teekon mein kya koi fark hota hai?,"['private vs government vaccines', 'sarkari teeka theek hai ya private', 'kya private vaccine lagwana jaruri hai', 'vaccine me kya difference hai']",['Low Frequency'],['Low Critical']
Q_0107,FAQ,pregnancy_care_and_checkups.md,Pregnancy mein blood pressure (BP) kitna hona chahiye?,"['normal bp range in pregnancy', 'pregnancy me bp kitna hona chahiye', 'blood pressure kitna normal hai', 'high bp kab mana jayega']",['Medium Frequency'],['High Critical']
Q_0108,FAQ,childbirth_and_newborn_care.md,Delivery ke baad pehli baar nahana (bath) kab chahiye?,"['when to take bath after delivery', 'delivery ke baad kab nahana chahiye', 'c-section ke baad kab naha sakte hai', 'nahane ke niyam after delivery']",['Medium Frequency'],['Low Critical']
Q_0109,FAQ,breastfeeding_guidance.md,Kaamkaaji mahilayein (working women) bacche ko stanpan kaise jaari rakh sakti hain?,"['how to continue breastfeeding after joining work', 'working women ke liye breastfeeding tips', 'doodh express karke kaise store kare', 'job ke sath doodh kaise pilaye']",['Low Frequency'],['Medium Critical']
Q_0110,FAQ,general_child_care_and_development.md,Bacche ke sir ka aakar gol kaise rakhein?,"[""how to shape baby's head"", 'bacche ka sir pichak gaya hai', 'sir gol karne ke liye kya kare', 'rai ka takiya use kare ya nahi']",['Medium Frequency'],['Low Critical']
Q_0111,FAQ,pregnancy_care_and_checkups.md,Kya pregnancy mein exercise ya vyayam karna chahiye?,"['exercise during pregnancy', 'pregnancy me konsi exercise kare', 'vyayam karna safe hai ya nahi', 'walking kar sakti hu kya']",['Medium Frequency'],['Low Critical']
Q_0112,FAQ,childbirth_and_newborn_care.md,Premature (samay se pehle) delivery ke kya kaaran ho sakte hain?,"['causes of premature delivery', 'samay se pehle delivery kyu hoti hai', 'preterm labor ke karan', 'jaldi delivery hone ka reason']",['Low Frequency'],['High Critical']
Q_0113,FAQ,complementary_feeding_6_to_24_months.md,Bacche ko naye khadya padarth (new foods) se allergy ho to kaise pehchanein?,"['food allergy symptoms in babies', 'allergy kaise pehchane', 'naye food se reaction ho to kya kare', 'signs of allergy in baby']",['Low Frequency'],['Medium Critical']
Q_0114,FAQ,general_child_care_and_development.md,Bacche ko kitne ghante sona chahiye?,"['how much should baby sleep', 'baby kitne ghante sota hai', 'neend ka schedule kya hona chahiye', 'mera baccha bahut sota hai']",['Medium Frequency'],['Low Critical']
Q_0115,FAQ,pregnancy_care_and_checkups.md,Pregnancy mein bleeding ya spotting hona khatarnak hai kya?,"['bleeding during pregnancy', 'spotting ho rahi hai kya karu', 'pregnancy me blood aana', 'is spotting normal']",['Medium Frequency'],['High Critical']
Q_0116,FAQ,anemia_during_pregnancy.md,"Khoon badhane ke liye anar, chukandar aur gajar ke alawa aur kya khayein?","['iron rich food other than anar', 'khoon badhane ke liye aur kya khana chahiye', 'best food for hemoglobin increase', 'palak khane se khoon badhta hai?']",['High Frequency'],['Medium Critical']
Q_0117,FAQ,pregnancy_nutrition_and_diet.md,Pregnancy mein kitna paani peena chahiye?,"['how much water to drink in pregnancy', 'din me kitna pani piye', 'pani peene ke fayde', 'kya jyada pani peena chahiye']",['Medium Frequency'],['Low Critical']
Q_0118,FAQ,childbirth_and_newborn_care.md,C-section ke kitne din baad sambandh (sex) bana sakte hain?,"['sex after c-section', 'c section ke baad sex kab kare', 'sambandh kab bana sakte hai', 'physical relation after delivery']",['Low Frequency'],['Low Critical']
Q_0119,FAQ,breastfeeding_special_conditions.md,Agar nipple andar ki taraf dhansi (inverted) ho to kaise doodh pilayein?,"['inverted nipples breastfeeding', 'nipple bahar nahi hai kaise pilau', 'flat nipple problem', 'doodh pilane me problem ho rahi hai']",['Low Frequency'],['Medium Critical']
Q_0120,FAQ,complementary_feeding_6_to_24_months.md,Bacche ko finger foods kab se dena shuru kar sakte hain?,"['when to start finger foods', 'finger foods for babies', 'baccha khud se kab khana shuru karta hai', 'konsa finger food de']",['Low Frequency'],['Low Critical']
Q_0121,FAQ,general_child_care_and_development.md,Bacche ke liye maalish (massage) karna kyun zaroori hai aur kaun sa tel istemal karein?,"['baby massage ke fayde', 'konsa tel accha hai malish ke liye', 'maalish kab aur kaise kare', 'benefits of baby massage']",['High Frequency'],['Low Critical']
Q_0122,FAQ,immunization_schedule_and_basics.md,Teekakaran ka card (immunization card) sambhal kar rakhna kyun zaroori hai?,"['immunization card kyu important hai', 'teeke ka card kho gaya to kya kare', 'vaccination card importance', 'card kyu sambhalna chahiye']",['Low Frequency'],['Medium Critical']
Q_0123,FAQ,pregnancy_care_and_checkups.md,Judwa bacche (twins) hone par pregnancy mein kya khaas dhyan rakhna chahiye?,"['twin pregnancy care', 'judwa bacche hai to kya dhyan rakhe', 'care for twins in womb', 'twin pregnancy me kya alag hota hai']",['Low Frequency'],['High Critical']
Q_0124,FAQ,childbirth_and_newborn_care.md,Labor pain (prasav peeda) ke kya lakshan hain?,"['signs of labor', 'delivery ka dard kaisa hota hai', 'kaise pata chalega ki labor pain shuru ho gaya', 'prasav ke lakshan']",['High Frequency'],['High Critical']
Q_0125,FAQ,breastfeeding_guidance.md,Bacche ko har baar kitni der tak doodh pilana chahiye?,"['how long to breastfeed on each side', 'kitni der tak doodh pilaye', 'feeding ka duration kitna hona chahiye', 'ek taraf se kitni der pilana hai']",['Medium Frequency'],['Medium Critical']
Q_0126,FAQ,general_child_care_and_development.md,Bacche ko pet ke bal litana (tummy time) kab shuru karein aur iske kya fayde hain?,"['when to start tummy time for baby', 'tummy time ke fayde', 'pet ke bal kab litaye', 'tummy time kyu jaruri hai']",['Low Frequency'],['Low Critical']
Q_0127,FAQ,pregnancy_nutrition_and_diet.md,Kya pregnancy mein bahar ka khana (junk food) kha sakte hain?,"['can i eat junk food during pregnancy', 'bahar ka khana khana safe hai kya', 'pizza burger kha sakti hu', 'junk food avoid kyu kare']",['Medium Frequency'],['Low Critical']
Q_0128,FAQ,childbirth_and_newborn_care.md,Naye janme bacche ke khatre ke lakshan (danger signs) kya hain?,"['newborn danger signs', 'bacche me khatre ke lakshan', 'kab doctor ko dikhana chahiye newborn ko', 'warning signs in newborn baby']",['Medium Frequency'],['High Critical']
Q_0129,FAQ,complementary_feeding_6_to_24_months.md,Bacche ko kabj (constipation) ho to khane mein kya dein?,"['constipation remedies for babies', 'bacche ko kabj hai kya khilaye', 'potty nahi kar raha baby', 'food for constipation in babies']",['Medium Frequency'],['Medium Critical']
Q_0130,FAQ,general_child_care_and_development.md,Bacche ke kapde dhone ke liye kaun sa sabun (detergent) istemal karein?,"['which detergent to use for baby clothes', 'bacche ke kapde kaise dhoye', 'baby clothes washing tips', 'konsa sabun use kare']",['Low Frequency'],['Low Critical']
Q_0131,FAQ,pregnancy_care_and_checkups.md,Delivery ki date (EDD) kaise calculate ki jaati hai?,"['how to calculate due date', 'delivery date kaise nikalte hai', 'mera edd kya hai', 'Mera 15 January ko date aaya tha uske bad se kitne mahine hue hain']",['Medium Frequency'],['Low Critical']
Q_0132,FAQ,anemia_during_pregnancy.md,Kya pregnancy mein thakaan aur kamzori khoon ki kami ka sanket hai?,"['feeling tired and weak in pregnancy', 'bahut thakan lagti hai', 'kamzori mehsoos ho rahi hai', 'thakawat kyu hoti hai']",['High Frequency'],['Medium Critical']
Q_0133,FAQ,pregnancy_nutrition_and_diet.md,Calcium ki goli khana kyun zaroori hai pregnancy mein?,"['calcium kyu jaruri hai', 'importance of calcium in pregnancy', 'calcium tablet ke fayde', 'agar calcium na khaye to kya hoga']",['High Frequency'],['Medium Critical']
Q_0134,FAQ,childbirth_and_newborn_care.md,C-section ke baad pet par belt (abdominal binder) lagana chahiye ya nahi?,"['should i use abdominal belt after c-section', 'pet par belt kab lagaye', 'c section ke baad belt lagane ke fayde', 'pet ki belt']",['Medium Frequency'],['Low Critical']
Q_0135,FAQ,breastfeeding_guidance.md,Kya doodh pilane se maa ka vajan kam hota hai?,"['does breastfeeding help lose weight', 'doodh pilane se weight loss hota hai kya', 'vajan kam karne ke liye breastfeeding', 'weight loss after delivery']",['Low Frequency'],['Low Critical']
Q_0136,FAQ,complementary_feeding_6_to_24_months.md,Bacche ko juice dena chahiye ya fal?,"['juice or fruit which is better for baby', 'bacche ko juice de sakte hai kya', 'fal khilaye ya juice pilaye', 'fruit juice for babies']",['Low Frequency'],['Low Critical']
Q_0137,FAQ,general_child_care_and_development.md,Bacche ke liye kaun se khilone (toys) surakshit hain?,"['safe toys for babies', 'bacche ke liye khilone', 'konsa toy lena chahiye', 'toy safety tips']",['Low Frequency'],['Low Critical']
Q_0138,FAQ,immunization_schedule_and_basics.md,Ek hi samay par ek se zyada teeke lagwana surakshit hai?,"['is it safe to give multiple vaccines at once', 'ek sath do teeke lagwa sakte hai', 'multiple injections for baby', 'do vaccine ek sath']",['Low Frequency'],['Medium Critical']
Q_0139,FAQ,pregnancy_care_and_checkups.md,Pregnancy mein mood swings (bhaavnaon mein utaar-chadhav) kyun hote hain?,"['mood swings during pregnancy', 'chidhchidhapan kyu hota hai', 'kabhi rona aata hai kabhi gussa', 'emotional changes in pregnancy']",['Medium Frequency'],['Low Critical']
Q_0140,FAQ,childbirth_and_newborn_care.md,Kya normal delivery ke baad taanke aate hain?,"['stitches in normal delivery', 'normal delivery me taanke aate hai kya', 'episiotomy kya hota hai', 'taanke kab lagte hai']",['Medium Frequency'],['Low Critical']
Q_0141,FAQ,breastfeeding_special_conditions.md,C-section ke baad doodh pilane mein koi pareshani hoti hai kya?,"['breastfeeding after c-section', 'c section ke baad doodh pilane me problem', 'operation ke baad doodh kab aata hai', 'how to feed after c-section']",['Medium Frequency'],['Medium Critical']
Q_0142,FAQ,general_child_care_and_development.md,Bacche ke naak band ho to kya karein?,"['baby ki naak band hai', 'nasal congestion in infants', 'naak saaf kaise kare', 'stuffy nose remedy for baby']",['High Frequency'],['Low Critical']
Q_0143,FAQ,pregnancy_nutrition_and_diet.md,Folic acid ki goli pregnancy mein kyun zaroori hai?,"['importance of folic acid in pregnancy', 'folic acid kab tak khana chahiye', 'folic acid kyu jaruri hai', 'folic acid ke fayde']",['High Frequency'],['High Critical']
Q_0144,FAQ,child_growth_and_malnutrition.md,Bacche ki lambai (height) aur vajan (weight) kaise naapein?,"['how to measure baby height and weight', 'bacche ka vajan kaise le', 'lambai kaise nape', 'growth monitoring kaise kare']",['Low Frequency'],['Medium Critical']
Q_0145,FAQ,vaccine_side_effects_and_reactions.md,"Teeka lagne ke baad baccha bahut ro raha hai, kya yeh normal hai?","['baby crying a lot after vaccine', 'injection ke baad baccha chup nahi ho raha', 'bahut ro raha hai teeke ke baad', 'is it normal for baby to be fussy after shots']",['High Frequency'],['Low Critical']
Q_0146,FAQ,pregnancy_care_and_checkups.md,Kya pregnancy mein pet ke bal sona chahiye?,"['sleeping on stomach during pregnancy', 'pet ke bal so sakte hai kya', 'sone ki sahi position kya hai', 'kaise sona chahiye pregnancy me']",['Medium Frequency'],['Low Critical']
Q_0147,FAQ,childbirth_and_newborn_care.md,Paani ki thaili fatne (water breaking) ka kya matlab hota hai?,"['what is water breaking', 'pani ki thaili fat jaye to kya kare', 'water break ke kitni der me delivery hoti hai', 'pani jaisa discharge ho raha hai']",['Medium Frequency'],['High Critical']
Q_0148,FAQ,breastfeeding_guidance.md,Bacche ko dakaar (burp) dilana kyun zaroori hai?,"['how to burp a baby', 'dakar dilana kyu jaruri hai', 'burp kaise karaye', 'agar baby dakar na le to']",['High Frequency'],['Low Critical']
Q_0149,FAQ,general_child_care_and_development.md,Bacche ko diaper rash ho jaye to kya karein?,"['diaper rash home remedies', 'diaper se lal chakatte ho gaye hai', 'rash ka ilaj', 'how to treat diaper rash']",['High Frequency'],['Low Critical']
Q_0150,FAQ,government_cash_benefit_schemes.md,Janani Suraksha Yojana (JSY) ka laabh kaise milta hai?,"['jsy scheme details', 'janani suraksha yojana ke paise kaise milte hai', 'jsy ka labh kaise le', 'sarkari hospital me delivery ke fayde']",['Low Frequency'],['Low Critical']
Q_0151,FAQ,pregnancy_care_and_checkups.md,Pregnancy mein stretch marks se kaise bachein?,"['how to avoid stretch marks during pregnancy', 'stretch marks ke liye kya lagaye', 'pet par nishan na pade iske liye kya kare', 'stretch marks cream']",['Medium Frequency'],['Low Critical']
Q_0152,FAQ,childbirth_and_newborn_care.md,Delivery ke baad pehla doctor check-up kab karana chahiye?,"['postnatal checkup kab hota hai', 'delivery ke baad doctor ko kab dikhaye', 'first checkup after delivery', 'postpartum doctor visit']",['Medium Frequency'],['Medium Critical']
